,hr,ndcg
0,0.09388971684053651,0.04227806773597334
1,0.7481371087928465,0.4822234294985963
2,0.8062593144560357,0.5232578576388914
3,0.8092399403874814,0.5276870323017678
4,0.8137108792846498,0.5352580964342329
5,0.8077496274217586,0.5298682354262257
6,0.8137108792846498,0.5299742442680818
7,0.812220566318927,0.5320276924739354
8,0.812220566318927,0.531545236269697
9,0.812220566318927,0.5303029842030448
10,0.8152011922503726,0.5320287604427547
