,hr,ndcg
0,0.10283159463487332,0.05182543738529292
1,0.09090909090909091,0.03863274281858162
2,0.09090909090909091,0.03863274281858162
3,0.09090909090909091,0.03863274281858162
4,0.09090909090909091,0.03863274281858162
5,0.09090909090909091,0.03863274281858162
6,0.09090909090909091,0.03863274281858162
7,0.09090909090909091,0.03863274281858162
8,0.09090909090909091,0.03863274281858162
9,0.09090909090909091,0.03863274281858162
10,0.09090909090909091,0.03863274281858162
