,hr,ndcg
0,0.07451564828614009,0.03867730934585004
1,0.7272727272727273,0.45078945155932615
