,hr,ndcg
0,0.11177347242921014,0.05294101367686639
1,0.11177347242921014,0.049494281217789364
2,0.4083457526080477,0.22801524719063762
3,0.6557377049180327,0.41025154350413334
4,0.6900149031296572,0.4330159678447675
5,0.7123695976154992,0.44458446562810716
6,0.7198211624441133,0.45381931338651577
7,0.7257824143070045,0.46059185729200103
8,0.7377049180327869,0.46731405846514545
9,0.7451564828614009,0.4704804576285231
10,0.7451564828614009,0.46942051187966705
