,hr,ndcg
0,0.09836065573770492,0.0437312112653174
1,0.6885245901639344,0.4414524670878965
2,0.7406855439642325,0.4932347969799772
3,0.789865871833085,0.5391508202371489
4,0.8107302533532041,0.5614419208253549
5,0.8152011922503726,0.5700938054307003
6,0.8315946348733234,0.575125592989405
7,0.8256333830104322,0.5721130591407239
8,0.8241430700447094,0.5682322685098692
9,0.8256333830104322,0.5746798743690498
10,0.8256333830104322,0.5737820208362263
