,best_iter,best_hr,best_ndcg
3,37.0,0.7332339791356185,0.4599597062563485
