,best_iter,best_hr,best_ndcg
0,20.0,0.6826158940397351,0.39518363134494533
