,best_iter,best_hr,best_ndcg
0,8.0,0.6463576158940397,0.3710415182297085
